Input,Prediction,Conservative,Substitutions,Uncertain_substitutions

NP_006209.2 1 M L,Pathogenic,306,0,0

NP_006209.2 1 M V,Pathogenic,306,0,0

NP_006209.2 4 R Q,Pathogenic,306,0,0

NP_006209.2 6 S L,Pathogenic,306,0,0

NP_006209.2 6 S L,Pathogenic,306,0,0

NP_006209.2 8 G D,Pathogenic,306,0,0

NP_006209.2 9 E G,Pathogenic,306,0,0

NP_006209.2 10 L P,Pathogenic,306,0,0

NP_006209.2 10 L R,Pathogenic,306,0,0

NP_006209.2 10 L P,Pathogenic,306,0,0

NP_006209.2 11 W G,Likely Pathogenic,305,,F

NP_006209.2 11 W S,Likely Pathogenic,305,,F

NP_006209.2 11 W L,Likely Pathogenic,305,,F

NP_006209.2 11 W L,Likely Pathogenic,305,,F

NP_006209.2 12 G C,Likely Pathogenic,305,,F

NP_006209.2 12 G D,Likely Pathogenic,305,,F

NP_006209.2 12 G V,Likely Pathogenic,305,,F

NP_006209.2 13 I T,Likely Pathogenic,226,M,F

NP_006209.2 14 H Y,Uncertain significance,305,,Y

NP_006209.2 16 M V,Pathogenic,306,0,0

NP_006209.2 16 M I,Pathogenic,306,0,0

NP_006209.2 17 P S,Pathogenic,306,0,0

NP_006209.2 18 P L,Pathogenic,306,0,0

NP_006209.2 19 R K,Benign,226,K S N,

NP_006209.2 20 I M,Pathogenic,306,0,0

NP_006209.2 21 L I,Benign,285,E I F H Q V K,

NP_006209.2 24 C S,Pathogenic,306,0,0

NP_006209.2 27 P T,Pathogenic,306,0,0

NP_006209.2 27 P L,Pathogenic,306,0,0

NP_006209.2 30 M I,Pathogenic,305,0,0

NP_006209.2 31 I M,Benign,289,M V,F L

NP_006209.2 36 C Y,Pathogenic,306,0,0

NP_006209.2 37 L F,Likely Pathogenic,304,I,

NP_006209.2 38 R S,Pathogenic,306,0,0

NP_006209.2 38 R G,Pathogenic,306,0,0

NP_006209.2 38 R C,Pathogenic,306,0,0

NP_006209.2 38 R H,Pathogenic,306,0,0

NP_006209.2 38 R L,Pathogenic,306,0,0

NP_006209.2 38 R C,Pathogenic,306,0,0

NP_006209.2 38 R H,Pathogenic,306,0,0

NP_006209.2 39 E K,Pathogenic,306,0,0

NP_006209.2 39 E G,Pathogenic,306,0,0

NP_006209.2 39 E D,Pathogenic,306,0,0

NP_006209.2 39 E K,Pathogenic,306,0,0

NP_006209.2 40 A T,Pathogenic,306,0,0

NP_006209.2 41 T A,Benign,304,M A,

NP_006209.2 41 T I,Likely Pathogenic,304,M A,

NP_006209.2 42 L V,Pathogenic,306,0,0

NP_006209.2 51 K R,Benign,303,R Q,

NP_006209.2 51 K T,Likely Pathogenic,303,R Q,

NP_006209.2 52 E V,Pathogenic,306,0,0

NP_006209.2 54 R K,Pathogenic,306,0,0

NP_006209.2 57 P S,Pathogenic,306,0,0

NP_006209.2 57 P H,Pathogenic,306,0,0

NP_006209.2 57 P L,Pathogenic,306,0,0

NP_006209.2 58 L F,Pathogenic,306,0,0

NP_006209.2 58 L P,Pathogenic,306,0,0

NP_006209.2 59 H P,Likely Pathogenic,150,N Y,C S Y

NP_006209.2 60 Q K,Likely Pathogenic,176,H,S N H

NP_006209.2 62 L I,Pathogenic,306,0,0

NP_006209.2 64 D N,Likely Pathogenic,189,E,

NP_006209.2 65 E K,Pathogenic,306,0,0

NP_006209.2 66 S C,Likely Pathogenic,247,A T N,

NP_006209.2 66 S F,Likely Pathogenic,247,A T N,

NP_006209.2 66 S Y,Likely Pathogenic,247,A T N,

NP_006209.2 67 S P,Pathogenic,306,0,0

NP_006209.2 67 S F,Pathogenic,306,0,0

NP_006209.2 69 I N,Likely Pathogenic,304,M,

NP_006209.2 70 F L,Pathogenic,306,0,0

NP_006209.2 71 V I,Benign,303,I,F

NP_006209.2 72 S G,Likely Pathogenic,305,,C

NP_006209.2 74 T A,Likely Pathogenic,304,N,

NP_006209.2 75 Q E,Pathogenic,306,0,0

NP_006209.2 75 Q P,Pathogenic,306,0,0

NP_006209.2 75 Q H,Pathogenic,306,0,0

NP_006209.2 75 Q E,Pathogenic,306,0,0

NP_006209.2 77 A T,Pathogenic,306,0,0

NP_006209.2 78 E K,Likely Pathogenic,305,,D

NP_006209.2 78 E K,Likely Pathogenic,305,,D

NP_006209.2 79 R M,Likely Pathogenic,300,K L,L

NP_006209.2 80 E K,Pathogenic,306,0,0

NP_006209.2 81 E K,Pathogenic,306,0,0

NP_006209.2 81 E A,Pathogenic,306,0,0

NP_006209.2 81 E K,Pathogenic,306,0,0

NP_006209.2 83 F L,Likely Pathogenic,186,Y,

NP_006209.2 83 F K,Likely Pathogenic,186,Y,

NP_006209.2 83 F Y,Benign,186,Y,

NP_006209.2 83 F S,Likely Pathogenic,186,Y,

NP_006209.2 83 F L,Likely Pathogenic,186,Y,

NP_006209.2 83 F S,Likely Pathogenic,186,Y,

NP_006209.2 84 D N,Pathogenic,306,0,0

NP_006209.2 84 D H,Pathogenic,306,0,0

NP_006209.2 85 E K,Pathogenic,306,0,0

NP_006209.2 86 T S,Pathogenic,306,0,0

NP_006209.2 87 R T,Likely Pathogenic,303,K,

NP_006209.2 88 R Q,Pathogenic,306,0,0

NP_006209.2 88 R L,Pathogenic,306,0,0

NP_006209.2 88 R Q,Pathogenic,306,0,0

NP_006209.2 88 R X,Pathogenic,306,0,0

NP_006209.2 90 C R,Pathogenic,306,0,0

NP_006209.2 90 C G,Pathogenic,306,0,0

NP_006209.2 90 C Y,Pathogenic,306,0,0

NP_006209.2 90 C S,Pathogenic,306,0,0

NP_006209.2 91 D A,Pathogenic,306,0,0

NP_006209.2 92 L F,Pathogenic,306,0,0

NP_006209.2 93 R G,Pathogenic,306,0,0

NP_006209.2 93 R W,Pathogenic,306,0,0

NP_006209.2 93 R Q,Pathogenic,306,0,0

NP_006209.2 93 R P,Pathogenic,306,0,0

NP_006209.2 93 R L,Pathogenic,306,0,0

NP_006209.2 93 R Q,Pathogenic,306,0,0

NP_006209.2 93 R W,Pathogenic,306,0,0

NP_006209.2 94 L F,Pathogenic,306,0,0

NP_006209.2 96 Q E,Pathogenic,306,0,0

NP_006209.2 97 P H,Likely Pathogenic,235,A,A

NP_006209.2 99 L F,Pathogenic,306,0,0

NP_006209.2 102 I F,Likely Pathogenic,304,V,

NP_006209.2 102 I N,Likely Pathogenic,304,V,

NP_006209.2 102 I T,Likely Pathogenic,304,V,

NP_006209.2 103 E K,Pathogenic,306,0,0

NP_006209.2 103 E G,Pathogenic,306,0,0

NP_006209.2 104 P T,Pathogenic,306,0,0

NP_006209.2 104 P A,Pathogenic,306,0,0

NP_006209.2 104 P S,Pathogenic,306,0,0

NP_006209.2 104 P L,Pathogenic,306,0,0

NP_006209.2 104 P R,Pathogenic,306,0,0

NP_006209.2 104 P L,Pathogenic,306,0,0

NP_006209.2 104 P L,Pathogenic,306,0,0

NP_006209.2 104 P R,Pathogenic,306,0,0

NP_006209.2 105 V I,Likely Pathogenic,304,E,

NP_006209.2 106 G S,Pathogenic,306,0,0

NP_006209.2 106 G R,Pathogenic,306,0,0

NP_006209.2 106 G C,Pathogenic,306,0,0

NP_006209.2 106 G D,Pathogenic,306,0,0

NP_006209.2 106 G A,Pathogenic,306,0,0

NP_006209.2 106 G V,Pathogenic,306,0,0

NP_006209.2 106 G S,Pathogenic,306,0,0

NP_006209.2 106 G V,Pathogenic,306,0,0

NP_006209.2 107 N H,Pathogenic,306,0,0

NP_006209.2 107 N Y,Pathogenic,306,0,0

NP_006209.2 107 N T,Pathogenic,306,0,0

NP_006209.2 107 N S,Pathogenic,306,0,0

NP_006209.2 107 N I,Pathogenic,306,0,0

NP_006209.2 107 N K,Pathogenic,306,0,0

NP_006209.2 108 R S,Likely Pathogenic,305,,F

NP_006209.2 108 R C,Likely Pathogenic,305,,F

NP_006209.2 108 R H,Likely Pathogenic,305,,F

NP_006209.2 108 R P,Likely Pathogenic,305,,F

NP_006209.2 108 R L,Likely Pathogenic,305,,F

NP_006209.2 108 R C,Likely Pathogenic,305,,F

NP_006209.2 108 R H,Likely Pathogenic,305,,F

NP_006209.2 108 R L,Likely Pathogenic,305,,F

NP_006209.2 109 E K,Likely Pathogenic,303,D,F

NP_006209.2 110 E K,Likely Pathogenic,305,,F

NP_006209.2 111 K Q,Pathogenic,306,0,0

NP_006209.2 111 K E,Pathogenic,306,0,0

NP_006209.2 111 K R,Pathogenic,306,0,0

NP_006209.2 111 K N,Pathogenic,306,0,0

NP_006209.2 111 K N,Pathogenic,306,0,0

NP_006209.2 111 K E,Pathogenic,306,0,0

NP_006209.2 111 K N,Pathogenic,306,0,0

NP_006209.2 111 K Q,Pathogenic,306,0,0

NP_006209.2 112 I F,Pathogenic,306,0,0

NP_006209.2 112 I N,Pathogenic,306,0,0

NP_006209.2 114 N D,Likely Pathogenic,301,S H,

NP_006209.2 114 N S,Benign,301,S H,

NP_006209.2 115 R Q,Pathogenic,306,0,0

NP_006209.2 115 R P,Pathogenic,306,0,0

NP_006209.2 115 R L,Pathogenic,306,0,0

NP_006209.2 116 E K,Pathogenic,306,0,0

NP_006209.2 118 G D,Pathogenic,306,0,0

NP_006209.2 118 G D,Pathogenic,306,0,0

NP_006209.2 120 A V,Benign,281,V,

NP_006209.2 121 I M,Pathogenic,305,0,0

NP_006209.2 122 G D,Pathogenic,306,0,0

NP_006209.2 122 G A,Pathogenic,306,0,0

NP_006209.2 123 M I,Pathogenic,306,0,0

NP_006209.2 123 M A,Pathogenic,306,0,0

NP_006209.2 124 P T,Pathogenic,306,0,0

NP_006209.2 124 P A,Pathogenic,306,0,0

NP_006209.2 124 P S,Pathogenic,306,0,0

NP_006209.2 124 P E,Pathogenic,306,0,0

NP_006209.2 124 P Q,Pathogenic,306,0,0

NP_006209.2 124 P L,Pathogenic,306,0,0

NP_006209.2 125 V E,Likely Pathogenic,220,I,

NP_006209.2 129 D H,Likely Pathogenic,298,,E

NP_006209.2 130 M T,Likely Pathogenic,169,I L V,L

NP_006209.2 131 V A,Likely Pathogenic,305,,M

NP_006209.2 133 D V,Pathogenic,306,0,0

NP_006209.2 134 P S,Benign,262,S T L,

NP_006209.2 136 V I,Pathogenic,306,0,0

NP_006209.2 137 Q K,Pathogenic,306,0,0

NP_006209.2 137 Q L,Pathogenic,306,0,0

NP_006209.2 138 D N,Likely Pathogenic,303,E,

NP_006209.2 138 D Y,Likely Pathogenic,303,E,

NP_006209.2 140 R Q,Pathogenic,306,0,0

NP_006209.2 141 R I,Likely Pathogenic,297,K,

NP_006209.2 142 N T,Pathogenic,306,0,0

NP_006209.2 142 N K,Pathogenic,306,0,0

NP_006209.2 143 I V,Benign,303,V,

NP_006209.2 143 I T,Likely Pathogenic,303,V,

NP_006209.2 145 N S,Pathogenic,305,0,0

NP_006209.2 146 V I,Pathogenic,306,0,0

NP_006209.2 147 C Y,Pathogenic,306,0,0

NP_006209.2 149 E V,Likely Pathogenic,257,D,D

NP_006209.2 151 V M,Pathogenic,305,0,0

NP_006209.2 154 R T,Pathogenic,305,0,0

NP_006209.2 154 R M,Pathogenic,305,0,0

NP_006209.2 157 N D,Uncertain significance,281,,C S D H

NP_006209.2 158 S L,Likely Pathogenic,85,G A,G A

NP_006209.2 160 H N,Likely Pathogenic,296,I Q,

NP_006209.2 162 R K,Benign,304,K,

NP_006209.2 163 A T,Likely Pathogenic,305,,S

NP_006209.2 165 Y H,Pathogenic,306,0,0

NP_006209.2 169 P Q,Likely Pathogenic,305,,F

NP_006209.2 170 N T,Likely Pathogenic,303,S,F

NP_006209.2 170 N S,Benign,303,S,F

NP_006209.2 172 E Q,Pathogenic,306,0,0

NP_006209.2 173 S Y,Pathogenic,305,0,0

NP_006209.2 175 P S,Benign,180,A S T V,A T Q

NP_006209.2 177 L F,Pathogenic,306,0,0

NP_006209.2 179 K E,Likely Pathogenic,236,R,

NP_006209.2 179 K T,Likely Pathogenic,236,R,

NP_006209.2 180 H R,Pathogenic,306,0,0

NP_006209.2 182 Y H,Uncertain significance,276,F,E S F H

NP_006209.2 184 K E,Pathogenic,305,0,0

NP_006209.2 186 D N,Pathogenic,305,0,0

NP_006209.2 193 V M,Pathogenic,306,0,0

NP_006209.2 197 I M,Likely Pathogenic,305,,F

NP_006209.2 199 S C,Likely Pathogenic,304,T,

NP_006209.2 200 P L,Likely Pathogenic,305,,N

NP_006209.2 201 N S,Benign,232,S T,S

NP_006209.2 204 K N,Pathogenic,306,0,0

NP_006209.2 212 N S,Benign,297,S,

NP_006209.2 213 H N,Pathogenic,306,0,0

NP_006209.2 213 H P,Pathogenic,306,0,0

NP_006209.2 215 C G,Likely Pathogenic,224,S F Y W,Y

NP_006209.2 222 A V,Pathogenic,306,0,0

NP_006209.2 223 E K,Pathogenic,306,0,0

NP_006209.2 224 A S,Pathogenic,306,0,0

NP_006209.2 225 I M,Pathogenic,306,0,0

NP_006209.2 226 R S,Pathogenic,305,0,0

NP_006209.2 230 R Q,Pathogenic,306,0,0

NP_006209.2 235 S T,Uncertain significance,292,,T F

NP_006209.2 235 S F,Uncertain significance,292,,T F

NP_006209.2 236 S Y,Likely Pathogenic,175,P A Q H T,F Q P

NP_006209.2 239 L P,Pathogenic,306,0,0

NP_006209.2 239 L R,Pathogenic,306,0,0

NP_006209.2 243 V A,Pathogenic,306,0,0

NP_006209.2 244 L S,Likely Pathogenic,183,Q,

NP_006209.2 250 Y F,Pathogenic,306,0,0

NP_006209.2 252 L F,Pathogenic,306,0,0

NP_006209.2 252 L F,Pathogenic,306,0,0

NP_006209.2 258 D N,Pathogenic,306,0,0

NP_006209.2 261 F V,Likely Pathogenic,84,L,

NP_006209.2 262 L I,Pathogenic,306,0,0

NP_006209.2 266 P S,Pathogenic,306,0,0

NP_006209.2 267 L M,Likely Pathogenic,276,I,

NP_006209.2 269 Q K,Likely Pathogenic,305,,I

NP_006209.2 273 I V,Benign,204,V,

NP_006209.2 274 R K,Pathogenic,306,0,0

NP_006209.2 279 L I,Pathogenic,306,0,0

NP_006209.2 282 M V,Likely Pathogenic,292,L,

NP_006209.2 282 M I,Likely Pathogenic,292,L,

NP_006209.2 283 P H,Pathogenic,306,0,0

NP_006209.2 285 L S,Pathogenic,306,0,0

NP_006209.2 287 L F,Pathogenic,306,0,0

NP_006209.2 289 A T,Benign,254,S T,

NP_006209.2 291 E A,Likely Pathogenic,194,D,D

NP_006209.2 293 L V,Pathogenic,306,0,0

NP_006209.2 295 S F,Likely Pathogenic,198,E C A N Y T,

NP_006209.2 296 Q E,Pathogenic,305,0,0

NP_006209.2 298 P T,Pathogenic,306,0,0

NP_006209.2 299 M I,Benign,159,L I A S V K T,T

NP_006209.2 300 D V,Likely Pathogenic,295,,E N

NP_006209.2 308 S F,Likely Pathogenic,202,A,

NP_006209.2 310 R C,Pathogenic,306,0,0

NP_006209.2 310 R H,Pathogenic,306,0,0

NP_006209.2 311 I V,Pathogenic,306,0,0

NP_006209.2 316 P A,Benign,292,G A S,S

NP_006209.2 316 P L,Likely Pathogenic,292,G A S,S

NP_006209.2 320 G R,Pathogenic,306,0,0

NP_006209.2 320 G E,Pathogenic,306,0,0

NP_006209.2 320 G V,Pathogenic,306,0,0

NP_006209.2 321 E D,Pathogenic,305,0,0

NP_006209.2 322 T I,Likely Pathogenic,163,A S V,A

NP_006209.2 323 S T,Benign,161,A T P,A T V

NP_006209.2 324 T A,Benign,199,A S V,I A S

NP_006209.2 324 T I,Uncertain significance,199,A S V,I A S

NP_006209.2 325 K R,Likely Pathogenic,305,,F

NP_006209.2 326 S F,Uncertain significance,265,G P C A N T,F

NP_006209.2 326 S F,Uncertain significance,265,G P C A N T,F

NP_006209.2 326 S Y,Likely Pathogenic,265,G P C A N T,F

NP_006209.2 328 W S,Pathogenic,306,0,0

NP_006209.2 328 W C,Pathogenic,306,0,0

NP_006209.2 335 R G,Likely Pathogenic,302,K,

NP_006209.2 335 R I,Likely Pathogenic,302,K,

NP_006209.2 336 I M,Likely Pathogenic,305,,L

NP_006209.2 337 K N,Likely Pathogenic,138,R,R

NP_006209.2 339 L I,Pathogenic,306,0,0

NP_006209.2 339 L V,Pathogenic,306,0,0

NP_006209.2 339 L F,Pathogenic,306,0,0

NP_006209.2 341 A V,Pathogenic,306,0,0

NP_006209.2 342 T P,Pathogenic,306,0,0

NP_006209.2 342 T A,Pathogenic,306,0,0

NP_006209.2 342 T S,Pathogenic,306,0,0

NP_006209.2 342 T I,Pathogenic,306,0,0

NP_006209.2 342 T I,Pathogenic,306,0,0

NP_006209.2 343 Y C,Pathogenic,306,0,0

NP_006209.2 343 Y F,Pathogenic,306,0,0

NP_006209.2 344 V M,Pathogenic,306,0,0

NP_006209.2 344 V E,Pathogenic,306,0,0

NP_006209.2 344 V A,Pathogenic,306,0,0

NP_006209.2 344 V G,Pathogenic,306,0,0

NP_006209.2 344 V G,Pathogenic,306,0,0

NP_006209.2 344 V M,Pathogenic,306,0,0

NP_006209.2 345 N H,Pathogenic,306,0,0

NP_006209.2 345 N D,Pathogenic,306,0,0

NP_006209.2 345 N Y,Pathogenic,306,0,0

NP_006209.2 345 N T,Pathogenic,306,0,0

NP_006209.2 345 N S,Pathogenic,306,0,0

NP_006209.2 345 N I,Pathogenic,306,0,0

NP_006209.2 345 N K,Pathogenic,306,0,0

NP_006209.2 345 N G,Pathogenic,306,0,0

NP_006209.2 345 N D,Pathogenic,306,0,0

NP_006209.2 345 N H,Pathogenic,306,0,0

NP_006209.2 345 N I,Pathogenic,306,0,0

NP_006209.2 345 N K,Pathogenic,306,0,0

NP_006209.2 345 N S,Pathogenic,306,0,0

NP_006209.2 345 N Y,Pathogenic,306,0,0

NP_006209.2 346 V L,Pathogenic,306,0,0

NP_006209.2 346 V E,Pathogenic,306,0,0

NP_006209.2 346 V A,Pathogenic,306,0,0

NP_006209.2 346 V G,Pathogenic,306,0,0

NP_006209.2 347 N K,Pathogenic,306,0,0

NP_006209.2 347 N K,Pathogenic,306,0,0

NP_006209.2 348 I F,Pathogenic,306,0,0

NP_006209.2 349 R Q,Pathogenic,306,0,0

NP_006209.2 350 D N,Pathogenic,306,0,0

NP_006209.2 350 D H,Pathogenic,306,0,0

NP_006209.2 350 D G,Pathogenic,306,0,0

NP_006209.2 350 D V,Pathogenic,306,0,0

NP_006209.2 350 D G,Pathogenic,306,0,0

NP_006209.2 352 D Y,Pathogenic,306,0,0

NP_006209.2 354 I T,Pathogenic,306,0,0

NP_006209.2 356 V I,Pathogenic,306,0,0

NP_006209.2 356 V A,Pathogenic,306,0,0

NP_006209.2 357 R G,Pathogenic,306,0,0

NP_006209.2 357 R Q,Pathogenic,306,0,0

NP_006209.2 357 R L,Pathogenic,306,0,0

NP_006209.2 358 T I,Likely Pathogenic,305,,F

NP_006209.2 359 G R,Likely Pathogenic,305,,F

NP_006209.2 359 G D,Likely Pathogenic,305,,F

NP_006209.2 362 H Y,Pathogenic,306,0,0

NP_006209.2 363 G A,Pathogenic,306,0,0

NP_006209.2 364 G R,Likely Pathogenic,300,A V,

NP_006209.2 364 G K,Likely Pathogenic,300,A V,

NP_006209.2 364 G E,Likely Pathogenic,300,A V,

NP_006209.2 364 G A,Benign,300,A V,

NP_006209.2 365 E K,Pathogenic,306,0,0

NP_006209.2 365 E Q,Pathogenic,306,0,0

NP_006209.2 365 E V,Pathogenic,306,0,0

NP_006209.2 365 E K,Pathogenic,306,0,0

NP_006209.2 366 P H,Likely Pathogenic,182,Q,Q

NP_006209.2 366 P R,Likely Pathogenic,182,Q,Q

NP_006209.2 366 P L,Likely Pathogenic,182,Q,Q

NP_006209.2 366 P R,Likely Pathogenic,182,Q,Q

NP_006209.2 366 P R,Likely Pathogenic,182,Q,Q

NP_006209.2 370 N S,Likely Pathogenic,304,T,I

NP_006209.2 371 V M,Pathogenic,306,0,0

NP_006209.2 373 T N,Pathogenic,305,0,0

NP_006209.2 377 P H,Likely Pathogenic,305,,F

NP_006209.2 377 P R,Likely Pathogenic,305,,F

NP_006209.2 377 P L,Likely Pathogenic,305,,F

NP_006209.2 378 C R,Likely Pathogenic,305,,F

NP_006209.2 378 C Y,Likely Pathogenic,305,,F

NP_006209.2 378 C F,Uncertain significance,305,,F

NP_006209.2 378 C W,Likely Pathogenic,305,,F

NP_006209.2 378 C F,Uncertain significance,305,,F

NP_006209.2 378 C Y,Likely Pathogenic,305,,F

NP_006209.2 379 S T,Likely Pathogenic,305,,F

NP_006209.2 380 N S,Pathogenic,306,0,0

NP_006209.2 381 P A,Pathogenic,306,0,0

NP_006209.2 383 W R,Pathogenic,305,0,0

NP_006209.2 385 E K,Pathogenic,306,0,0

NP_006209.2 385 E D,Pathogenic,306,0,0

NP_006209.2 388 N K,Benign,141,L P A Q S M K T,

NP_006209.2 390 D N,Likely Pathogenic,290,E,E

NP_006209.2 391 I M,Benign,87,M,M

NP_006209.2 391 I M,Benign,87,M,M

NP_006209.2 392 Y H,Benign,280,H,L N F Q H

NP_006209.2 392 Y H,Benign,280,H,L N F Q H

NP_006209.2 395 D N,Likely Pathogenic,276,,E

NP_006209.2 395 D N,Likely Pathogenic,276,,E

NP_006209.2 396 L F,Likely Pathogenic,185,I V,I V

NP_006209.2 398 R H,Likely Pathogenic,299,C S,

NP_006209.2 399 A T,Pathogenic,306,0,0

NP_006209.2 399 A S,Pathogenic,306,0,0

NP_006209.2 400 A V,Pathogenic,306,0,0

NP_006209.2 401 R Q,Pathogenic,306,0,0

NP_006209.2 402 L F,Pathogenic,305,0,0

NP_006209.2 402 L F,Pathogenic,305,0,0

NP_006209.2 402 L H,Pathogenic,305,0,0

NP_006209.2 405 S F,Pathogenic,306,0,0

NP_006209.2 405 S F,Pathogenic,306,0,0

NP_006209.2 406 I V,Pathogenic,305,0,0

NP_006209.2 407 C F,Pathogenic,306,0,0

NP_006209.2 407 C W,Pathogenic,306,0,0

NP_006209.2 407 C Y,Pathogenic,306,0,0

NP_006209.2 409 V I,Pathogenic,306,0,0

NP_006209.2 409 V L,Pathogenic,306,0,0

NP_006209.2 411 G D,Pathogenic,306,0,0

NP_006209.2 411 G S,Pathogenic,306,0,0

NP_006209.2 412 R Q,Pathogenic,306,0,0

NP_006209.2 413 K N,Pathogenic,305,0,0

NP_006209.2 415 A V,Pathogenic,306,0,0

NP_006209.2 417 E K,Pathogenic,306,0,0

NP_006209.2 417 E Q,Pathogenic,306,0,0

NP_006209.2 418 E K,Likely Pathogenic,305,,V

NP_006209.2 418 E Q,Likely Pathogenic,305,,V

NP_006209.2 418 E D,Likely Pathogenic,305,,V

NP_006209.2 418 E K,Likely Pathogenic,305,,V

NP_006209.2 419 H N,Likely Pathogenic,305,,K

NP_006209.2 419 H Q,Likely Pathogenic,305,,K

NP_006209.2 420 C R,Pathogenic,306,0,0

NP_006209.2 420 C R,Pathogenic,306,0,0

NP_006209.2 421 P T,Pathogenic,306,0,0

NP_006209.2 421 P S,Pathogenic,306,0,0

NP_006209.2 421 P L,Pathogenic,306,0,0

NP_006209.2 421 P L,Pathogenic,306,0,0

NP_006209.2 422 L W,Pathogenic,306,0,0

NP_006209.2 424 W R,Pathogenic,306,0,0

NP_006209.2 424 W L,Pathogenic,306,0,0

NP_006209.2 429 L F,Likely Pathogenic,221,C M,

NP_006209.2 432 Y N,Pathogenic,306,0,0

NP_006209.2 438 S F,Likely Pathogenic,222,A,A

NP_006209.2 439 G V,Likely Pathogenic,296,,S N

NP_006209.2 442 A V,Pathogenic,306,0,0

NP_006209.2 443 L S,Pathogenic,306,0,0

NP_006209.2 445 L F,Pathogenic,306,0,0

NP_006209.2 446 W L,Likely Pathogenic,305,,F

NP_006209.2 448 V A,Likely Pathogenic,305,,F

NP_006209.2 448 V L,Likely Pathogenic,305,,F

NP_006209.2 449 P T,Pathogenic,306,0,0

NP_006209.2 449 P S,Pathogenic,306,0,0

NP_006209.2 449 P R,Pathogenic,306,0,0

NP_006209.2 449 P L,Pathogenic,306,0,0

NP_006209.2 449 P T,Pathogenic,306,0,0

NP_006209.2 450 H D,Pathogenic,306,0,0

NP_006209.2 450 H R,Pathogenic,306,0,0

NP_006209.2 451 G R,Pathogenic,306,0,0

NP_006209.2 451 G V,Pathogenic,306,0,0

NP_006209.2 453 E K,Pathogenic,306,0,0

NP_006209.2 453 E Q,Pathogenic,306,0,0

NP_006209.2 453 E A,Pathogenic,306,0,0

NP_006209.2 453 E G,Pathogenic,306,0,0

NP_006209.2 453 E V,Pathogenic,306,0,0

NP_006209.2 453 E D,Pathogenic,306,0,0

NP_006209.2 453 E K,Pathogenic,306,0,0

NP_006209.2 454 D N,Pathogenic,306,0,0

NP_006209.2 454 D H,Pathogenic,306,0,0

NP_006209.2 454 D Y,Pathogenic,306,0,0

NP_006209.2 454 D G,Pathogenic,306,0,0

NP_006209.2 454 D G,Pathogenic,306,0,0

NP_006209.2 456 L R,Pathogenic,306,0,0

NP_006209.2 457 N K,Pathogenic,306,0,0

NP_006209.2 457 N K,Pathogenic,306,0,0

NP_006209.2 459 I V,Pathogenic,306,0,0

NP_006209.2 459 I S,Pathogenic,306,0,0

NP_006209.2 460 G D,Pathogenic,306,0,0

NP_006209.2 460 G S,Pathogenic,306,0,0

NP_006209.2 461 V I,Pathogenic,305,0,0

NP_006209.2 462 T S,Benign,300,A S,

NP_006209.2 463 G R,Pathogenic,306,0,0

NP_006209.2 466 P S,Likely Pathogenic,305,,F

NP_006209.2 469 E K,Pathogenic,306,0,0

NP_006209.2 471 P A,Pathogenic,306,0,0

NP_006209.2 471 P L,Pathogenic,306,0,0

NP_006209.2 471 P L,Pathogenic,306,0,0

NP_006209.2 472 C Y,Pathogenic,306,0,0

NP_006209.2 474 E A,Pathogenic,306,0,0

NP_006209.2 475 L V,Likely Pathogenic,298,I M,

NP_006209.2 475 L F,Likely Pathogenic,298,I M,

NP_006209.2 476 E K,Pathogenic,306,0,0

NP_006209.2 476 E Q,Pathogenic,306,0,0

NP_006209.2 481 S G,Benign,301,G N,G F

NP_006209.2 481 S I,Likely Pathogenic,301,G N,G F

NP_006209.2 487 P Q,Pathogenic,306,0,0

NP_006209.2 488 D V,Likely Pathogenic,293,E N,E

NP_006209.2 489 M I,Likely Pathogenic,303,,K T L

NP_006209.2 493 E K,Uncertain significance,305,,K

NP_006209.2 493 E K,Uncertain significance,305,,K

NP_006209.2 494 E V,Likely Pathogenic,197,G D,M D

NP_006209.2 494 E K,Likely Pathogenic,197,G D,M D

NP_006209.2 495 H Y,Benign,304,Y,Q

NP_006209.2 495 H L,Likely Pathogenic,304,Y,Q

NP_006209.2 496 A V,Pathogenic,306,0,0

NP_006209.2 497 N Y,Likely Pathogenic,302,T,I S

NP_006209.2 497 N S,Uncertain significance,302,T,I S

NP_006209.2 499 S F,Likely Pathogenic,87,T,I A N V M T

NP_006209.2 502 R Q,Likely Pathogenic,302,K S T,

NP_006209.2 503 E K,Uncertain significance,302,,K D

NP_006209.2 509 S F,Uncertain significance,186,C A N G,L C N F T

NP_006209.2 510 H N,Likely Pathogenic,198,C Y P,L P I Q Y

NP_006209.2 511 A T,Benign,167,S T N P,P C H S T

NP_006209.2 512 G R,Likely Pathogenic,299,I A V,S

NP_006209.2 512 G E,Likely Pathogenic,299,I A V,S

NP_006209.2 515 N D,Likely Pathogenic,278,K S T,S

NP_006209.2 515 N S,Benign,278,K S T,S

NP_006209.2 515 N K,Benign,278,K S T,S

NP_006209.2 515 N S,Benign,278,K S T,S

NP_006209.2 516 R K,Pathogenic,306,0,0

NP_006209.2 518 A G,Likely Pathogenic,300,T V,V

NP_006209.2 519 R G,Pathogenic,306,0,0

NP_006209.2 519 R T,Pathogenic,306,0,0

NP_006209.2 520 D N,Likely Pathogenic,304,E,

NP_006209.2 520 D V,Likely Pathogenic,304,E,

NP_006209.2 521 N S,Benign,239,I C K S,K L H

NP_006209.2 522 E K,Likely Pathogenic,185,D A T P,P I A H S V

NP_006209.2 522 E A,Benign,185,D A T P,P I A H S V

NP_006209.2 522 E G,Likely Pathogenic,185,D A T P,P I A H S V

NP_006209.2 523 L I,Uncertain significance,271,V,I M F V

NP_006209.2 523 L S,Likely Pathogenic,271,V,I M F V

NP_006209.2 524 R K,Likely Pathogenic,169,S T,M T

NP_006209.2 524 R M,Uncertain significance,169,S T,M T

NP_006209.2 525 E K,Likely Pathogenic,220,D,A T D

NP_006209.2 526 N D,Likely Pathogenic,104,G A S T,G C I A S V T

NP_006209.2 527 D N,Likely Pathogenic,305,,E

NP_006209.2 529 E K,Likely Pathogenic,295,D,D

NP_006209.2 530 Q R,Likely Pathogenic,305,,F

NP_006209.2 531 L V,Likely Pathogenic,299,,I M F

NP_006209.2 531 L P,Likely Pathogenic,299,,I M F

NP_006209.2 533 A V,Likely Pathogenic,178,,H S L Q

NP_006209.2 533 A V,Likely Pathogenic,178,,H S L Q

NP_006209.2 534 I T,Likely Pathogenic,170,,L V

NP_006209.2 535 S F,Likely Pathogenic,29,C,C A G

NP_006209.2 536 T A,Benign,179,A N,S N

NP_006209.2 536 T I,Likely Pathogenic,179,A N,S N

NP_006209.2 537 R Q,Likely Pathogenic,302,,K

NP_006209.2 538 D N,Pathogenic,306,0,0

NP_006209.2 538 D Y,Pathogenic,306,0,0

NP_006209.2 538 D G,Pathogenic,306,0,0

NP_006209.2 539 P T,Likely Pathogenic,302,A,

NP_006209.2 539 P S,Likely Pathogenic,302,A,

NP_006209.2 539 P R,Likely Pathogenic,302,A,

NP_006209.2 539 P L,Likely Pathogenic,302,A,

NP_006209.2 539 P L,Likely Pathogenic,302,A,

NP_006209.2 539 P R,Likely Pathogenic,302,A,

NP_006209.2 539 P S,Likely Pathogenic,302,A,

NP_006209.2 540 L I,Pathogenic,306,0,0

NP_006209.2 540 L F,Pathogenic,306,0,0

NP_006209.2 541 S T,Pathogenic,306,0,0

NP_006209.2 541 S P,Pathogenic,306,0,0

NP_006209.2 541 S Y,Pathogenic,306,0,0

NP_006209.2 541 S F,Pathogenic,306,0,0

NP_006209.2 542 E K,Likely Pathogenic,302,D,

NP_006209.2 542 E Q,Likely Pathogenic,302,D,

NP_006209.2 542 E R,Likely Pathogenic,302,D,

NP_006209.2 542 E A,Likely Pathogenic,302,D,

NP_006209.2 542 E G,Likely Pathogenic,302,D,

NP_006209.2 542 E V,Likely Pathogenic,302,D,

NP_006209.2 542 E A,Likely Pathogenic,302,D,

NP_006209.2 542 E G,Likely Pathogenic,302,D,

NP_006209.2 542 E K,Likely Pathogenic,302,D,

NP_006209.2 542 E Q,Likely Pathogenic,302,D,

NP_006209.2 542 E V,Likely Pathogenic,302,D,

NP_006209.2 543 I V,Pathogenic,305,0,0

NP_006209.2 543 I F,Pathogenic,305,0,0

NP_006209.2 543 I N,Pathogenic,305,0,0

NP_006209.2 544 T P,Pathogenic,306,0,0

NP_006209.2 544 T N,Pathogenic,306,0,0

NP_006209.2 544 T I,Pathogenic,306,0,0

NP_006209.2 545 E K,Pathogenic,306,0,0

NP_006209.2 545 E Q,Pathogenic,306,0,0

NP_006209.2 545 E A,Pathogenic,306,0,0

NP_006209.2 545 E G,Pathogenic,306,0,0

NP_006209.2 545 E V,Pathogenic,306,0,0

NP_006209.2 545 E D,Pathogenic,306,0,0

NP_006209.2 545 E D,Pathogenic,306,0,0

NP_006209.2 545 E K,Pathogenic,306,0,0

NP_006209.2 545 E A,Pathogenic,306,0,0

NP_006209.2 545 E D,Pathogenic,306,0,0

NP_006209.2 545 E G,Pathogenic,306,0,0

NP_006209.2 545 E K,Pathogenic,306,0,0

NP_006209.2 545 E L,Pathogenic,306,0,0

NP_006209.2 545 E Q,Pathogenic,306,0,0

NP_006209.2 545 E V,Pathogenic,306,0,0

NP_006209.2 545 E X,Pathogenic,306,0,0

NP_006209.2 546 Q K,Pathogenic,306,0,0

NP_006209.2 546 Q E,Pathogenic,306,0,0

NP_006209.2 546 Q P,Pathogenic,306,0,0

NP_006209.2 546 Q R,Pathogenic,306,0,0

NP_006209.2 546 Q L,Pathogenic,306,0,0

NP_006209.2 546 Q P,Pathogenic,306,0,0

NP_006209.2 546 Q H,Pathogenic,306,0,0

NP_006209.2 546 Q H,Pathogenic,306,0,0

NP_006209.2 546 Q E,Pathogenic,306,0,0

NP_006209.2 546 Q H,Pathogenic,306,0,0

NP_006209.2 546 Q K,Pathogenic,306,0,0

NP_006209.2 546 Q L,Pathogenic,306,0,0

NP_006209.2 546 Q P,Pathogenic,306,0,0

NP_006209.2 546 Q R,Pathogenic,306,0,0

NP_006209.2 546 Q X,Pathogenic,306,0,0

NP_006209.2 547 E K,Pathogenic,306,0,0

NP_006209.2 547 E D,Pathogenic,306,0,0

NP_006209.2 547 E K,Pathogenic,306,0,0

NP_006209.2 547 E L,Pathogenic,306,0,0

NP_006209.2 548 K T,Pathogenic,306,0,0

NP_006209.2 549 D N,Likely Pathogenic,300,E,

NP_006209.2 549 D H,Likely Pathogenic,300,E,

NP_006209.2 549 D A,Likely Pathogenic,300,E,

NP_006209.2 549 D H,Likely Pathogenic,300,E,

NP_006209.2 549 D N,Likely Pathogenic,300,E,

NP_006209.2 550 F Y,Pathogenic,305,0,0

NP_006209.2 550 F S,Pathogenic,305,0,0

NP_006209.2 551 L P,Likely Pathogenic,302,V,

NP_006209.2 552 W G,Pathogenic,306,0,0

NP_006209.2 552 W C,Pathogenic,306,0,0

NP_006209.2 552 W C,Pathogenic,306,0,0

NP_006209.2 553 S N,Likely Pathogenic,178,R T,R

NP_006209.2 553 S T,Benign,178,R T,R

NP_006209.2 553 S N,Likely Pathogenic,178,R T,R

NP_006209.2 553 S T,Benign,178,R T,R

NP_006209.2 555 R K,Pathogenic,306,0,0

NP_006209.2 562 P L,Pathogenic,306,0,0

NP_006209.2 563 E K,Likely Pathogenic,289,D,

NP_006209.2 566 P L,Pathogenic,306,0,0

NP_006209.2 567 K R,Pathogenic,306,0,0

NP_006209.2 569 L I,Pathogenic,306,0,0

NP_006209.2 569 L I,Pathogenic,306,0,0

NP_006209.2 576 S Y,Likely Pathogenic,299,C A,

NP_006209.2 579 E K,Likely Pathogenic,299,A D,

NP_006209.2 581 A S,Benign,286,S T,S

NP_006209.2 583 M T,Pathogenic,306,0,0

NP_006209.2 589 D H,Likely Pathogenic,290,G E N,

NP_006209.2 593 I V,Likely Pathogenic,303,,T

NP_006209.2 593 I M,Likely Pathogenic,303,,T

NP_006209.2 594 K E,Likely Pathogenic,279,R,R Q

NP_006209.2 597 Q P,Pathogenic,305,0,0

NP_006209.2 597 Q L,Pathogenic,305,0,0

NP_006209.2 600 E K,Pathogenic,306,0,0

NP_006209.2 600 E V,Pathogenic,306,0,0

NP_006209.2 603 D N,Pathogenic,306,0,0

NP_006209.2 603 D H,Pathogenic,306,0,0

NP_006209.2 604 C R,Likely Pathogenic,300,F,

NP_006209.2 604 C Y,Likely Pathogenic,300,F,

NP_006209.2 606 Y C,Likely Pathogenic,230,F,

NP_006209.2 607 P Q,Pathogenic,306,0,0

NP_006209.2 609 P S,Likely Pathogenic,298,R,R F

NP_006209.2 609 P H,Likely Pathogenic,298,R,R F

NP_006209.2 612 R Q,Pathogenic,306,0,0

NP_006209.2 614 F I,Pathogenic,306,0,0

NP_006209.2 617 R W,Likely Pathogenic,217,C H Q S M K T,A

NP_006209.2 617 R Q,Benign,217,C H Q S M K T,A

NP_006209.2 620 E K,Likely Pathogenic,294,D,

NP_006209.2 628 L V,Pathogenic,306,0,0

NP_006209.2 629 S C,Likely Pathogenic,305,,F

NP_006209.2 636 V L,Pathogenic,306,0,0

NP_006209.2 638 V A,Pathogenic,306,0,0

NP_006209.2 642 E K,Pathogenic,306,0,0

NP_006209.2 643 Q R,Pathogenic,306,0,0

NP_006209.2 643 Q H,Pathogenic,306,0,0

NP_006209.2 643 Q R,Pathogenic,306,0,0

NP_006209.2 648 L S,Likely Pathogenic,119,H Q P,P

NP_006209.2 657 A S,Pathogenic,306,0,0

NP_006209.2 658 L F,Pathogenic,306,0,0

NP_006209.2 661 Q K,Pathogenic,306,0,0

NP_006209.2 667 F L,Pathogenic,306,0,0

NP_006209.2 667 F L,Pathogenic,306,0,0

NP_006209.2 673 S T,Likely Pathogenic,305,,F

NP_006209.2 674 E Q,Likely Pathogenic,305,,F

NP_006209.2 674 E D,Likely Pathogenic,305,,F

NP_006209.2 677 N D,Pathogenic,306,0,0

NP_006209.2 678 K E,Pathogenic,306,0,0

NP_006209.2 682 Q K,Pathogenic,306,0,0

NP_006209.2 682 Q H,Pathogenic,306,0,0

NP_006209.2 683 R M,Pathogenic,306,0,0

NP_006209.2 684 F L,Pathogenic,306,0,0

NP_006209.2 685 G C,Pathogenic,306,0,0

NP_006209.2 685 G D,Pathogenic,306,0,0

NP_006209.2 693 R C,Likely Pathogenic,305,,F

NP_006209.2 693 R H,Likely Pathogenic,305,,F

NP_006209.2 694 A S,Uncertain significance,305,,S

NP_006209.2 696 G E,Pathogenic,306,0,0

NP_006209.2 697 M L,Likely Pathogenic,303,V,

NP_006209.2 697 M I,Likely Pathogenic,303,V,

NP_006209.2 699 L M,Pathogenic,306,0,0

NP_006209.2 701 H Y,Pathogenic,306,0,0

NP_006209.2 701 H P,Pathogenic,306,0,0

NP_006209.2 701 H P,Pathogenic,306,0,0

NP_006209.2 702 L Q,Pathogenic,306,0,0

NP_006209.2 703 N S,Benign,93,G S,G S

NP_006209.2 705 Q K,Pathogenic,306,0,0

NP_006209.2 707 E K,Pathogenic,306,0,0

NP_006209.2 707 E V,Pathogenic,306,0,0

NP_006209.2 707 E K,Pathogenic,306,0,0

NP_006209.2 710 E Q,Likely Pathogenic,304,D,D

NP_006209.2 711 K T,Likely Pathogenic,305,,F

NP_006209.2 711 K N,Likely Pathogenic,305,,F

NP_006209.2 712 L I,Likely Pathogenic,305,,F

NP_006209.2 712 L F,Uncertain significance,305,,F

NP_006209.2 712 L P,Likely Pathogenic,305,,F

NP_006209.2 714 N D,Pathogenic,306,0,0

NP_006209.2 714 N K,Pathogenic,306,0,0

NP_006209.2 715 L S,Pathogenic,305,0,0

NP_006209.2 717 D Y,Likely Pathogenic,305,,E

NP_006209.2 719 L F,Pathogenic,306,0,0

NP_006209.2 719 L V,Pathogenic,306,0,0

NP_006209.2 722 E K,Pathogenic,306,0,0

NP_006209.2 722 E D,Pathogenic,306,0,0

NP_006209.2 725 D N,Pathogenic,306,0,0

NP_006209.2 725 D Y,Pathogenic,306,0,0

NP_006209.2 725 D G,Pathogenic,306,0,0

NP_006209.2 726 E K,Pathogenic,306,0,0

NP_006209.2 726 E A,Pathogenic,306,0,0

NP_006209.2 726 E G,Pathogenic,306,0,0

NP_006209.2 726 E K,Pathogenic,306,0,0

NP_006209.2 727 T I,Likely Pathogenic,226,A,P

NP_006209.2 729 K N,Pathogenic,306,0,0

NP_006209.2 731 Q R,Pathogenic,306,0,0

NP_006209.2 732 M I,Pathogenic,306,0,0

NP_006209.2 733 K R,Benign,296,R,

NP_006209.2 734 F S,Pathogenic,306,0,0

NP_006209.2 737 E K,Likely Pathogenic,297,D,

NP_006209.2 741 R Q,Benign,282,Q,

NP_006209.2 744 F I,Likely Pathogenic,176,Y,Y

NP_006209.2 744 F L,Likely Pathogenic,176,Y,Y

NP_006209.2 746 D Y,Pathogenic,306,0,0

NP_006209.2 746 D V,Pathogenic,306,0,0

NP_006209.2 747 A V,Likely Pathogenic,305,,G

NP_006209.2 748 L I,Likely Pathogenic,305,,Y

NP_006209.2 749 Q H,Pathogenic,306,0,0

NP_006209.2 750 G A,Likely Pathogenic,182,K S N,N

NP_006209.2 752 L V,Benign,83,I S T V,T

NP_006209.2 757 P L,Pathogenic,306,0,0

NP_006209.2 759 H N,Pathogenic,306,0,0

NP_006209.2 760 Q K,Pathogenic,306,0,0

NP_006209.2 760 Q E,Pathogenic,306,0,0

NP_006209.2 766 L I,Likely Pathogenic,302,A F,F

NP_006209.2 766 L F,Benign,302,A F,F

NP_006209.2 768 E Q,Likely Pathogenic,290,D,D V

NP_006209.2 770 R Q,Pathogenic,306,0,0

NP_006209.2 770 R L,Pathogenic,306,0,0

NP_006209.2 773 S P,Pathogenic,306,0,0

NP_006209.2 773 S F,Pathogenic,306,0,0

NP_006209.2 775 A T,Pathogenic,306,0,0

NP_006209.2 777 R K,Pathogenic,306,0,0

NP_006209.2 777 R M,Pathogenic,306,0,0

NP_006209.2 778 P S,Pathogenic,306,0,0

NP_006209.2 779 L M,Pathogenic,306,0,0

NP_006209.2 779 L R,Pathogenic,306,0,0

NP_006209.2 780 W C,Pathogenic,306,0,0

NP_006209.2 781 L W,Likely Pathogenic,305,,F

NP_006209.2 782 N S,Likely Pathogenic,305,,E

NP_006209.2 784 E D,Pathogenic,305,0,0

NP_006209.2 784 E D,Pathogenic,305,0,0

NP_006209.2 788 I V,Likely Pathogenic,232,M,

NP_006209.2 788 I T,Likely Pathogenic,232,M,

NP_006209.2 789 M L,Pathogenic,306,0,0

NP_006209.2 791 E Q,Pathogenic,306,0,0

NP_006209.2 798 E K,Pathogenic,306,0,0

NP_006209.2 799 I F,Pathogenic,305,0,0

NP_006209.2 805 D N,Pathogenic,306,0,0

NP_006209.2 808 R W,Pathogenic,306,0,0

NP_006209.2 808 R Q,Pathogenic,306,0,0

NP_006209.2 808 R W,Pathogenic,306,0,0

NP_006209.2 809 Q H,Pathogenic,306,0,0

NP_006209.2 811 M I,Pathogenic,306,0,0

NP_006209.2 816 I N,Pathogenic,306,0,0

NP_006209.2 816 I S,Pathogenic,306,0,0

NP_006209.2 816 I M,Pathogenic,306,0,0

NP_006209.2 818 R C,Likely Pathogenic,286,K,F

NP_006209.2 818 R H,Likely Pathogenic,286,K,F

NP_006209.2 823 I V,Pathogenic,305,0,0

NP_006209.2 826 N S,Benign,304,I S,

NP_006209.2 827 Q H,Pathogenic,306,0,0

NP_006209.2 828 G S,Pathogenic,306,0,0

NP_006209.2 831 L V,Pathogenic,306,0,0

NP_006209.2 835 P S,Pathogenic,305,0,0

NP_006209.2 836 Y C,Pathogenic,306,0,0

NP_006209.2 839 L V,Likely Pathogenic,296,M,

NP_006209.2 841 I V,Likely Pathogenic,286,L,

NP_006209.2 842 G S,Pathogenic,306,0,0

NP_006209.2 843 D E,Pathogenic,306,0,0

NP_006209.2 846 G V,Pathogenic,306,0,0

NP_006209.2 848 I S,Pathogenic,306,0,0

NP_006209.2 849 E K,Pathogenic,306,0,0

NP_006209.2 851 V A,Pathogenic,306,0,0

NP_006209.2 852 R Q,Pathogenic,306,0,0

NP_006209.2 856 T A,Pathogenic,306,0,0

NP_006209.2 865 G S,Pathogenic,306,0,0

NP_006209.2 865 G D,Pathogenic,306,0,0

NP_006209.2 866 L W,Likely Pathogenic,301,I,

NP_006209.2 866 L F,Likely Pathogenic,301,I,

NP_006209.2 872 F L,Pathogenic,306,0,0

NP_006209.2 875 H Y,Likely Pathogenic,266,S T N,N

NP_006209.2 878 H N,Pathogenic,306,0,0

NP_006209.2 879 Q K,Pathogenic,306,0,0

NP_006209.2 879 Q R,Pathogenic,306,0,0

NP_006209.2 883 D H,Likely Pathogenic,305,,F

NP_006209.2 886 K E,Likely Pathogenic,300,R,

NP_006209.2 887 G R,Pathogenic,306,0,0

NP_006209.2 889 I L,Benign,93,M T L,M

NP_006209.2 889 I M,Benign,93,M T L,M

NP_006209.2 898 T A,Pathogenic,306,0,0

NP_006209.2 899 R C,Pathogenic,306,0,0

NP_006209.2 899 R H,Pathogenic,306,0,0

NP_006209.2 900 S T,Pathogenic,306,0,0

NP_006209.2 901 C F,Pathogenic,306,0,0

NP_006209.2 903 G R,Pathogenic,306,0,0

NP_006209.2 905 C S,Pathogenic,306,0,0

NP_006209.2 906 V I,Pathogenic,306,0,0

NP_006209.2 907 A T,Likely Pathogenic,305,,V

NP_006209.2 907 A P,Likely Pathogenic,305,,V

NP_006209.2 907 A V,Uncertain significance,305,,V

NP_006209.2 909 F L,Pathogenic,306,0,0

NP_006209.2 909 F C,Pathogenic,306,0,0

NP_006209.2 909 F L,Pathogenic,306,0,0

NP_006209.2 909 F L,Pathogenic,306,0,0

NP_006209.2 914 G R,Pathogenic,306,0,0

NP_006209.2 914 G R,Pathogenic,306,0,0

NP_006209.2 914 G R,Pathogenic,306,0,0

NP_006209.2 916 R S,Pathogenic,306,0,0

NP_006209.2 916 R C,Pathogenic,306,0,0

NP_006209.2 916 R H,Pathogenic,306,0,0

NP_006209.2 917 H N,Pathogenic,306,0,0

NP_006209.2 926 D N,Benign,299,N,

NP_006209.2 927 G R,Pathogenic,306,0,0

NP_006209.2 931 H Y,Likely Pathogenic,305,,F

NP_006209.2 939 D G,Pathogenic,306,0,0

NP_006209.2 939 D G,Pathogenic,306,0,0

NP_006209.2 943 K E,Pathogenic,306,0,0

NP_006209.2 943 K T,Pathogenic,306,0,0

NP_006209.2 948 K E,Likely Pathogenic,305,,N

NP_006209.2 949 R Q,Likely Pathogenic,305,,F

NP_006209.2 950 E A,Likely Pathogenic,305,,F

NP_006209.2 951 R C,Likely Pathogenic,305,,F

NP_006209.2 951 R H,Likely Pathogenic,305,,F

NP_006209.2 951 R C,Likely Pathogenic,305,,F

NP_006209.2 953 P L,Pathogenic,306,0,0

NP_006209.2 956 L F,Pathogenic,306,0,0

NP_006209.2 957 T I,Pathogenic,306,0,0

NP_006209.2 958 Q K,Pathogenic,306,0,0

NP_006209.2 958 Q R,Pathogenic,306,0,0

NP_006209.2 969 Q K,Likely Pathogenic,304,,F P

NP_006209.2 970 E K,Likely Pathogenic,305,,F

NP_006209.2 970 E Q,Likely Pathogenic,305,,F

NP_006209.2 970 E K,Likely Pathogenic,305,,F

NP_006209.2 971 C R,Likely Pathogenic,294,Y,

NP_006209.2 972 T I,Likely Pathogenic,299,A,

NP_006209.2 974 T R,Pathogenic,306,0,0

NP_006209.2 975 R K,Benign,295,K,

NP_006209.2 975 R S,Likely Pathogenic,295,K,

NP_006209.2 978 E K,Pathogenic,306,0,0

NP_006209.2 978 E Q,Pathogenic,306,0,0

NP_006209.2 978 E G,Pathogenic,306,0,0

NP_006209.2 979 R G,Pathogenic,306,0,0

NP_006209.2 981 Q E,Pathogenic,306,0,0

NP_006209.2 982 E K,Pathogenic,306,0,0

NP_006209.2 982 E Q,Pathogenic,306,0,0

NP_006209.2 982 E G,Pathogenic,306,0,0

NP_006209.2 982 E D,Pathogenic,306,0,0

NP_006209.2 983 M I,Pathogenic,306,0,0

NP_006209.2 984 C Y,Pathogenic,306,0,0

NP_006209.2 985 Y S,Pathogenic,305,0,0

NP_006209.2 986 K N,Pathogenic,306,0,0

NP_006209.2 987 A T,Pathogenic,306,0,0

NP_006209.2 989 L I,Pathogenic,306,0,0

NP_006209.2 989 L V,Pathogenic,306,0,0

NP_006209.2 990 A T,Pathogenic,306,0,0

NP_006209.2 990 A G,Pathogenic,306,0,0

NP_006209.2 992 R Q,Pathogenic,306,0,0

NP_006209.2 992 R P,Pathogenic,306,0,0

NP_006209.2 992 R L,Pathogenic,306,0,0

NP_006209.2 993 Q R,Pathogenic,306,0,0

NP_006209.2 994 H Y,Pathogenic,305,0,0

NP_006209.2 995 A D,Pathogenic,306,0,0

NP_006209.2 996 N S,Pathogenic,306,0,0

NP_006209.2 996 N I,Pathogenic,306,0,0

NP_006209.2 997 L I,Pathogenic,306,0,0

NP_006209.2 998 F S,Pathogenic,306,0,0

NP_006209.2 1000 N D,Pathogenic,306,0,0

NP_006209.2 1001 L I,Pathogenic,306,0,0

NP_006209.2 1001 L V,Pathogenic,306,0,0

NP_006209.2 1001 L F,Pathogenic,306,0,0

NP_006209.2 1001 L H,Pathogenic,306,0,0

NP_006209.2 1002 F S,Pathogenic,306,0,0

NP_006209.2 1002 F L,Pathogenic,306,0,0

NP_006209.2 1003 S P,Pathogenic,306,0,0

NP_006209.2 1003 S L,Pathogenic,306,0,0

NP_006209.2 1004 M V,Likely Pathogenic,305,,R

NP_006209.2 1004 M R,Uncertain significance,305,,R

NP_006209.2 1004 M I,Likely Pathogenic,305,,R

NP_006209.2 1004 M I,Likely Pathogenic,305,,R

NP_006209.2 1004 M I,Likely Pathogenic,305,,R

NP_006209.2 1005 M V,Likely Pathogenic,305,,L

NP_006209.2 1005 M I,Likely Pathogenic,305,,L

NP_006209.2 1006 L I,Pathogenic,305,0,0

NP_006209.2 1006 L F,Pathogenic,305,0,0

NP_006209.2 1006 L H,Pathogenic,305,0,0

NP_006209.2 1006 L P,Pathogenic,305,0,0

NP_006209.2 1006 L F,Pathogenic,305,0,0

NP_006209.2 1007 G R,Pathogenic,306,0,0

NP_006209.2 1007 G D,Pathogenic,306,0,0

NP_006209.2 1007 G V,Pathogenic,306,0,0

NP_006209.2 1007 G R,Pathogenic,306,0,0

NP_006209.2 1008 S P,Likely Pathogenic,304,C L,

NP_006209.2 1008 S C,Benign,304,C L,

NP_006209.2 1008 S F,Likely Pathogenic,304,C L,

NP_006209.2 1008 S P,Likely Pathogenic,304,C L,

NP_006209.2 1009 G E,Likely Pathogenic,303,T V,

NP_006209.2 1010 M I,Benign,302,I K,F

NP_006209.2 1011 P S,Likely Pathogenic,304,I,F

NP_006209.2 1011 P L,Likely Pathogenic,304,I,F

NP_006209.2 1012 E K,Uncertain significance,305,,K

NP_006209.2 1012 E Q,Likely Pathogenic,305,,K

NP_006209.2 1012 E G,Likely Pathogenic,305,,K

NP_006209.2 1012 E G,Likely Pathogenic,305,,K

NP_006209.2 1012 E K,Uncertain significance,305,,K

NP_006209.2 1014 Q R,Likely Pathogenic,303,M K,

NP_006209.2 1015 S P,Pathogenic,306,0,0

NP_006209.2 1015 S Y,Pathogenic,306,0,0

NP_006209.2 1015 S F,Pathogenic,306,0,0

NP_006209.2 1016 F L,Pathogenic,306,0,0

NP_006209.2 1016 F C,Pathogenic,306,0,0

NP_006209.2 1017 D N,Pathogenic,306,0,0

NP_006209.2 1017 D H,Pathogenic,306,0,0

NP_006209.2 1017 D Y,Pathogenic,306,0,0

NP_006209.2 1017 D V,Pathogenic,306,0,0

NP_006209.2 1017 D E,Pathogenic,306,0,0

NP_006209.2 1017 D H,Pathogenic,306,0,0

NP_006209.2 1018 D N,Likely Pathogenic,305,,C

NP_006209.2 1019 I V,Likely Pathogenic,305,,R

NP_006209.2 1019 I F,Likely Pathogenic,305,,R

NP_006209.2 1020 A T,Likely Pathogenic,305,,N

NP_006209.2 1020 A V,Likely Pathogenic,305,,N

NP_006209.2 1021 Y N,Pathogenic,306,0,0

NP_006209.2 1021 Y H,Pathogenic,306,0,0

NP_006209.2 1021 Y C,Pathogenic,306,0,0

NP_006209.2 1021 Y F,Pathogenic,306,0,0

NP_006209.2 1021 Y C,Pathogenic,306,0,0

NP_006209.2 1021 Y F,Pathogenic,306,0,0

NP_006209.2 1021 Y H,Pathogenic,306,0,0

NP_006209.2 1022 I V,Pathogenic,306,0,0

NP_006209.2 1023 R Q,Pathogenic,306,0,0

NP_006209.2 1023 R L,Pathogenic,306,0,0

NP_006209.2 1023 R Q,Pathogenic,306,0,0

NP_006209.2 1024 K R,Pathogenic,306,0,0

NP_006209.2 1025 T P,Pathogenic,306,0,0

NP_006209.2 1025 T A,Pathogenic,306,0,0

NP_006209.2 1025 T S,Pathogenic,306,0,0

NP_006209.2 1025 T N,Pathogenic,306,0,0

NP_006209.2 1025 T S,Pathogenic,306,0,0

NP_006209.2 1025 T I,Pathogenic,306,0,0

NP_006209.2 1025 T A,Pathogenic,306,0,0

NP_006209.2 1025 T S,Pathogenic,306,0,0

NP_006209.2 1026 L I,Pathogenic,306,0,0

NP_006209.2 1026 L P,Pathogenic,306,0,0

NP_006209.2 1027 A T,Pathogenic,306,0,0

NP_006209.2 1027 A V,Pathogenic,306,0,0

NP_006209.2 1027 A V,Pathogenic,306,0,0

NP_006209.2 1028 L F,Pathogenic,305,0,0

NP_006209.2 1029 D N,Likely Pathogenic,295,E,

NP_006209.2 1029 D H,Likely Pathogenic,295,E,

NP_006209.2 1029 D Y,Likely Pathogenic,295,E,

NP_006209.2 1029 D E,Benign,295,E,

NP_006209.2 1029 D Y,Likely Pathogenic,295,E,

NP_006209.2 1030 K E,Pathogenic,306,0,0

NP_006209.2 1030 K E,Pathogenic,306,0,0

NP_006209.2 1031 T S,Benign,239,S,

NP_006209.2 1031 T I,Likely Pathogenic,239,S,

NP_006209.2 1031 T A,Likely Pathogenic,239,S,

NP_006209.2 1032 E K,Pathogenic,306,0,0

NP_006209.2 1032 E D,Pathogenic,306,0,0

NP_006209.2 1032 E K,Pathogenic,306,0,0

NP_006209.2 1033 Q R,Pathogenic,306,0,0

NP_006209.2 1033 Q R,Pathogenic,306,0,0

NP_006209.2 1034 E K,Pathogenic,306,0,0

NP_006209.2 1034 E G,Pathogenic,306,0,0

NP_006209.2 1034 E G,Pathogenic,306,0,0

NP_006209.2 1034 E L,Pathogenic,306,0,0

NP_006209.2 1035 A T,Pathogenic,306,0,0

NP_006209.2 1035 A V,Pathogenic,306,0,0

NP_006209.2 1036 L S,Likely Pathogenic,305,,V

NP_006209.2 1036 L S,Likely Pathogenic,305,,V

NP_006209.2 1037 E K,Likely Pathogenic,185,D,D

NP_006209.2 1037 E Q,Likely Pathogenic,185,D,D

NP_006209.2 1037 E G,Likely Pathogenic,185,D,D

NP_006209.2 1037 E D,Benign,185,D,D

NP_006209.2 1038 Y C,Pathogenic,306,0,0

NP_006209.2 1039 F L,Pathogenic,306,0,0

NP_006209.2 1039 F S,Pathogenic,306,0,0

NP_006209.2 1040 M L,Likely Pathogenic,293,T,

NP_006209.2 1040 M V,Likely Pathogenic,293,T,

NP_006209.2 1040 M L,Likely Pathogenic,293,T,

NP_006209.2 1040 M T,Benign,293,T,

NP_006209.2 1040 M I,Likely Pathogenic,293,T,

NP_006209.2 1040 M I,Likely Pathogenic,293,T,

NP_006209.2 1040 M V,Likely Pathogenic,293,T,

NP_006209.2 1041 K N,Pathogenic,306,0,0

NP_006209.2 1043 M V,Likely Pathogenic,304,L,

NP_006209.2 1043 M L,Benign,304,L,

NP_006209.2 1043 M T,Likely Pathogenic,304,L,

NP_006209.2 1043 M I,Likely Pathogenic,304,L,

NP_006209.2 1043 M I,Likely Pathogenic,304,L,

NP_006209.2 1043 M I,Likely Pathogenic,304,L,

NP_006209.2 1043 M I,Likely Pathogenic,304,L,

NP_006209.2 1043 M L,Benign,304,L,

NP_006209.2 1043 M T,Likely Pathogenic,304,L,

NP_006209.2 1043 M V,Likely Pathogenic,304,L,

NP_006209.2 1044 N H,Pathogenic,306,0,0

NP_006209.2 1044 N D,Pathogenic,306,0,0

NP_006209.2 1044 N Y,Pathogenic,306,0,0

NP_006209.2 1044 N T,Pathogenic,306,0,0

NP_006209.2 1044 N S,Pathogenic,306,0,0

NP_006209.2 1044 N I,Pathogenic,306,0,0

NP_006209.2 1044 N K,Pathogenic,306,0,0

NP_006209.2 1044 N K,Pathogenic,306,0,0

NP_006209.2 1044 N K,Pathogenic,306,0,0

NP_006209.2 1044 N S,Pathogenic,306,0,0

NP_006209.2 1045 D N,Pathogenic,306,0,0

NP_006209.2 1045 D Y,Pathogenic,306,0,0

NP_006209.2 1045 D A,Pathogenic,306,0,0

NP_006209.2 1045 D V,Pathogenic,306,0,0

NP_006209.2 1045 D N,Pathogenic,306,0,0

NP_006209.2 1046 A T,Likely Pathogenic,305,,F

NP_006209.2 1046 A E,Likely Pathogenic,305,,F

NP_006209.2 1046 A V,Likely Pathogenic,305,,F

NP_006209.2 1046 A T,Likely Pathogenic,305,,F

NP_006209.2 1047 H N,Likely Pathogenic,305,,F

NP_006209.2 1047 H Y,Likely Pathogenic,305,,F

NP_006209.2 1047 H I,Likely Pathogenic,305,,F

NP_006209.2 1047 H P,Likely Pathogenic,305,,F

NP_006209.2 1047 H R,Likely Pathogenic,305,,F

NP_006209.2 1047 H L,Likely Pathogenic,305,,F

NP_006209.2 1047 H R,Likely Pathogenic,305,,F

NP_006209.2 1047 H Q,Likely Pathogenic,305,,F

NP_006209.2 1047 H Q,Likely Pathogenic,305,,F

NP_006209.2 1047 H L,Likely Pathogenic,305,,F

NP_006209.2 1047 H Q,Likely Pathogenic,305,,F

NP_006209.2 1047 H R,Likely Pathogenic,305,,F

NP_006209.2 1047 H T,Likely Pathogenic,305,,F

NP_006209.2 1047 H Y,Likely Pathogenic,305,,F

NP_006209.2 1048 H N,Likely Pathogenic,304,Q,F

NP_006209.2 1048 H D,Likely Pathogenic,304,Q,F

NP_006209.2 1048 H Y,Likely Pathogenic,304,Q,F

NP_006209.2 1048 H R,Likely Pathogenic,304,Q,F

NP_006209.2 1048 H L,Likely Pathogenic,304,Q,F

NP_006209.2 1048 H Q,Benign,304,Q,F

NP_006209.2 1048 H L,Likely Pathogenic,304,Q,F

NP_006209.2 1048 H T,Likely Pathogenic,304,Q,F

NP_006209.2 1049 G S,Pathogenic,306,0,0

NP_006209.2 1049 G R,Pathogenic,306,0,0

NP_006209.2 1049 G C,Pathogenic,306,0,0

NP_006209.2 1049 G D,Pathogenic,306,0,0

NP_006209.2 1049 G A,Pathogenic,306,0,0

NP_006209.2 1049 G R,Pathogenic,306,0,0

NP_006209.2 1049 G S,Pathogenic,306,0,0

NP_006209.2 1050 G S,Pathogenic,305,0,0

NP_006209.2 1050 G D,Pathogenic,305,0,0

NP_006209.2 1050 G D,Pathogenic,305,0,0

NP_006209.2 1050 G S,Pathogenic,305,0,0

NP_006209.2 1052 T A,Pathogenic,306,0,0

NP_006209.2 1052 T K,Pathogenic,306,0,0

NP_006209.2 1052 T I,Pathogenic,306,0,0

NP_006209.2 1052 T I,Pathogenic,306,0,0

NP_006209.2 1052 T K,Pathogenic,306,0,0

NP_006209.2 1053 T A,Pathogenic,306,0,0

NP_006209.2 1053 T I,Pathogenic,306,0,0

NP_006209.2 1055 M L,Likely Pathogenic,302,V,

NP_006209.2 1055 M I,Likely Pathogenic,302,V,

NP_006209.2 1055 M I,Likely Pathogenic,302,V,

NP_006209.2 1056 D N,Pathogenic,306,0,0

NP_006209.2 1056 D G,Pathogenic,306,0,0

NP_006209.2 1056 D N,Pathogenic,306,0,0

NP_006209.2 1057 W R,Pathogenic,306,0,0

NP_006209.2 1058 I L,Pathogenic,306,0,0

NP_006209.2 1058 I F,Pathogenic,306,0,0

NP_006209.2 1058 I F,Pathogenic,306,0,0

NP_006209.2 1059 F L,Pathogenic,306,0,0

NP_006209.2 1060 H Y,Pathogenic,306,0,0

NP_006209.2 1061 T I,Pathogenic,306,0,0

NP_006209.2 1062 I V,Pathogenic,306,0,0

NP_006209.2 1062 I T,Pathogenic,306,0,0

NP_006209.2 1064 Q R,Likely Pathogenic,284,,H

NP_006209.2 1064 Q H,Uncertain significance,284,,H

NP_006209.2 1064 Q H,Uncertain significance,284,,H

NP_006209.2 1065 H Y,Likely Pathogenic,298,R A Q,L

NP_006209.2 1065 H L,Uncertain significance,298,R A Q,L

NP_006209.2 1065 H L,Uncertain significance,298,R A Q,L

NP_006209.2 1066 A T,Uncertain significance,303,,T

NP_006209.2 1066 A S,Likely Pathogenic,303,,T

NP_006209.2 1066 A V,Likely Pathogenic,303,,T

NP_006209.2 1066 A T,Uncertain significance,303,,T

NP_006209.2 1067 L F,Likely Pathogenic,0,,

NP_006209.2 1067 L F,Likely Pathogenic,0,,

NP_006209.2 1068 N Y,Likely Pathogenic,303,,K T

